COMPANY_KEY,COMPANY_NAME
efe95cdac531d989dc6c59c7f357ff96,Cohere
90628020c2dc2d2859c4b45b1b795505,Uxbert Labs
aeb28cb0f4ab39d6cc392f4df79b6c93,Azeus Convene
311c35143796320c8831480847401a5e,Immersivelabs
b4d0c7b061a6b2749d7f3f008c31566d,Elevenlabs
6f4a1a62b3b402b850bf337fd919d869,Speechify
39e14dbd863521ac19a71f357037bb87,Unknown Company
4db4f4de7caa791072385b51cd52ab2f,Trideum Corporation
f7f6bac97b725c416b126561d26487f8,"1st Edge, Llc"
c498835fdb1736295dac403f30ccdcfe,"Davidson Technologies, Inc."
c6f211d9b045edc0b6561b32461a7850,Advanced Sciences And Technologies (As&T)
1d38f1ab5a387010ed4917a9137be20d,Pinnacle Group
d60306b827358b0b2d82995d79b3616a,Kbr
875bb0b78094734b5b55d3125674a658,"Sigmatech, Inc."
9c4d311d73b2a4db85a9775d32e34124,Envention
61e37cf3a50da58e57c7a04137a110df,Valor Capital Group
ae423088e02503edbc0e8894d543a01b,Jobs For Humanity
591cecb965bd07f12743becb8a89b67e,Müller's Solutions
4baf0845260b1ca8dc2bf11c11d7d7b8,Supportfinity™
1620f2d12c14253c0b31352e90e4ac3f,Alarabiya86
0645f775abc48eec7321083171646afb,Jobgether
3b6e4b0bcaf849406863fb0526edc7ad,Avensys Consulting
03b78e125adc5612c0c9d5d96700bd4c,Coorb
6868a4f6ff792838a9e31a5ded7e793e,Perfect Vision
e47c2b18f2520a39ed7506115f08b53f,Dhahran Techno Valley
c8b921ba27403f1fe1cbf88be751fdc3,Infosys
b8697c455aee3b352ec934e6bff314a3,Stllr Network
dd5e7c31bfa2c0ae2486565e03cb7f64,Serendipity Corporate Services
9ce3467929bfe67d6f97ded3c98873e7,Dallah Health
fdc966dcdbdb4b9b2b136920dcf16b29,Cntxt Ai
cf8ace16554084a950d8efda3d246295,Peroptyx
59d40a99ac63208a0a4d6637b1e54ce5,First Point Group
a5c68a79bcf23d84221a27b9a7707171,Mullers Solutions
2429fda017a193faa70d67ea0f595ec8,Abis
59f47694f19e4612ba96f8b8ad534414,Artefact
ecd17ec4bd2662e0e9980d8efaa6c35e,Telus Digital Ai Data Solutions
ebb202b11dd8f5df6ebac7962ea8f046,Modern Mills Company
41d073b447033e4bb4dd632f93aeeb75,Saudi Cement
838e000e87fadf6923cdc47195378dab,Visa Hunt
f88934c5e5684ade129eaceb00f2f563,Ejadtech - إيجاد التقنية
4c089506ff71a669e211c6b3fa89d8ed,Neom Digital Hub
4ba36291865f36f0da464c1d21b89828,Linnk Group
17375baa89274e77086ae06da88994f0,Core Code Io
a4a977a7e302ea942c10b4a5d2fe29b2,Ejadah Management Consultancy
e174dd01b2ae31d2d9c4a60cab487043,Black Pearl Consultants
5c0c760811e4db7bf229cb393cb79fc4,India Abroad
24beca68331bb2d5d1a57fd4c569c4da,Group-Ib
d8a38960b3c5fcca2e0b99b93273de18,Namla
4d2760112b1daa9d2049b0b724f00ecb,Scale Ai
1193b43d61243259cdbbe014aa0082f9,Müller`s Solutions
2805b86b30e64ca26f8f047cf13d8a2a,Hijrajob
7ba97046261eba5c607c0af03e7c75db,Astek
010d6a16efd32515e12371cf630f30ed,Lumi
14e1448c1f3a1a01efef4e525d806317,Shashikamal Enterprise It
b78c6df2acd60d72caad1436f897dbbf,Cleanlife Co.
1c76cbfe21c6f44c1d1e59d54f3e4420,Company
59e725b7e6e0594b7310819a63c4de89,Hays
9b047a1478fe2d8287875261b7fa49d1,Masdr - مصدر
6f34670402ab02e8527e8083214f8b57,جيبي
8a39fc153f7305b71b015eb4ed7ea12c,H. M. Al Rugaib & Sons Trading Co. - شركة حمد محمد الرقيب و أولاده التجارية
b902e60020992140368286d0bcee7c30,The Coca-Cola Bottling Company Of Saudi Arabia
feb8eb748733fe208b8d33bd893d4ed5,K&K Talents
25178c86548053c1bc50676198f64251,Hayhom Company For Information Technology Pvt. Ltd.
903a74cef81f69cc7f26c768140d138d,مجموعة البدر المطور العاشر الطبي
9b7e66ab412386195ca63da137c08ff7,System One
40648e1d8e6a81306a6ac76115950ea9,X-Bow Systems
63071bfac87ec07c63de59638818f687,Salla
28d9fb272155ddebff94737c3b563c86,Kforce Technology Staffing
0bac775c248d258368baa04f68df5cd3,Camgian Corporation
db3ca0ce52511c11c910b4b7f1a8e6fa,Masterworks
feffdf1c1dc634978831e1f7097cea9e,"Scale Ai, Inc."
abe0f53bfd6b65c5108e24c95e6fcb0e,Al-Watania Information Systems
94e87d00ab5d91b3628339792264e0a6,Whiteshield Partners
9b0e4ba2dd0401af6114b6292826f0b5,Tamemit
604190941c1eb22b2d720e5af5691165,Saha
c8e713639f7941acd668289339ea8225,Rawaj Hcm Jobs
b5fa70d1caf53ac6f8bbf762a6126bdb,Jobscroller
6a203b41f255305de61ca2ef40b7cd12,Pwc Middle East
a077ba968a69c0dc58990d8969b36f48,Ncr Atleos
bd6305fa24489d7285f702470510f29d,Sanaam
f1253ffbc773cc9e350675f8ffb80b37,Front End
6b35f24420c563ec6ab27fd48b9ed081,"Zakat, Tax And Customs Authority"
3c1d49f1846cb65f2d69f8e0a6c89024,Müllers Solutions
19196af956e350842bc444608d0f9982,Virtucruit
827e631d36945fab3e7291d10057d960,Parsons Saudi Arabia
09ad3d4f54798ff70406e77ec7804179,Eram Talent
c5fa4dedc9a50a9c65c7ffb802f430b0,Cognna
a2efe6f84ff726cae938295ba5b788a9,International Women In Mining
d1164e8963232d06ac66adc3640fe6e3,Tech Junction Ltd
92943f80691f534ad3722f3282dd5566,Alrawasi Co.
7ddcc78d3f09886602edbfc226721ad6,Boston Consulting Group
bd5b3ee4a12ec1633b92011792fd7032,077 Saudi Arabian Parsons Limited
fff2e7a3f310193aa91f948845d425ab,Dxc.Technology
d291d784d41eaa3dbff8cdabba749712,Primegate For Communications And It
d6e8bf32d840a9df33c10c393c26a1f8,Datamatics Global Service
81ac8a9ab977c4d3bed21664a75c0336,Master-Works
f9bd39b67dc1d72158f9412a8e10869d,P2p
f4f645b43a181a40b07f3ddfcaeb8747,Simteklearning
31db23a08178960b9cf18dc3d0c9d2f5,Mozn
ce8bf6d3ac7c275a2cc81720a4de74c7,Confidential Jobs
a76b7ff58d35b9ff2e02517a730c4494,Webook
7c9c161ba1a4f7d9f586868a758d8f36,Accenture Middle East
020105f4752ba2c2d1d9d7f8c843115c,Softserve
7cdd36a9c49fefb2a25eb839bff758a6,Silver Edge Arabia
1d55af1659424cf94d869e2580a11bf8,Accenture
45dd16c6f7ddcb6ef2b3f0f82affb305,Jari Solutions
b7632d807a63a5876461b8d4a819d126,Filecloud
b10bb7a9a10e04fd3c6bc7d319184f65,Unison Group
590554384a794df957f0fa7eb1db966f,Capital Numbers
cbb20d204e296ee879620d18b266b27d,Raqmiyat L.L.C
9700cd1274178fc29cdec622d5ba7afc,Raya Logistic Services
9374e57aaa9b2bae2c34a2af3500ac58,Tafaul
19981461acb8d365b1edd4f5a321b42c,Ppoar
5be49bb848a92cc0d2eb739c00c930e3,Sihamco
146d74287eec8173db86979c4aec2748,Onepoint Consultants Dwc- Llc
c929adc4d24d9f97423fb3197e5d41eb,Foodics
9d5bdc4871320ab85a8a48e4742978d9,Atkinsréalis
c9ccbfc5c16b8f5a82b905fea3f5a800,Flyper
c4d5bf88d005a6f9667aff171cb0180f,Tamara
44e0614cd2afee4b601436d034f2848b,Riyad Bank
6c96effe3269d011636be7b5d6953291,Mindstream
f3f042b47bcf4f12d4887455f4785364,Tawantech
c62e877b1ce327f1b20289c635935682,Intech Process Automation
5ef10916fc0fa2bd6aef45add0a44ddc,Hochschule Luzern - Digital Business & Innovation (Hslu Db&I)
9ac2da1906d62f4b7ccac18b27746567,Ernst & Young Ae
864b82643533bc2ed4f91987721da2ac,Datamatics Technologies
fe797df41af41f9682ed981924f91bf3,Abdul Latif Jameel
2b8f5a466182dcd76227529e4dcf442b,Innovative Solutions
ba119c16adb30294b3f9fc7dc3ccd98a,Tibah Airports Operation Co.
1c45ce75a4094770955ef9c5efa23f6f,Aiqu
fb9fb85671f139995e8fcbf1ecd4e0b1,Air Products
2bf8b1b35ee452d6eac30c2680cc1121,Raqmiyat
1f28e6d3b511371aa77c9aee12d1ce52,"Halian | Managed Services, Recruitment Agency & Contract Staffing"
88183b946cc5f0e8c96b2e66e1c74a7e,Unknown
5c3702d0aa18ce1696174dc64f2759ff,"Halian | Managed Services, Recruitment And Contract Staffing Agency"
424e41f9942887664b0d9a5e8b8f962f,Epam Systems
971d0404afdecb8d7b60b66b9a1d4376,Defined Solutions
75e256376c26aa83a6eafe94182f4cc6,Purple Rock It Solutions
5191df824a5440b332883cb5dadc6315,Primegate Company
de14291ab90d911bcfe18bedd6c9d04e,Sete Energy Saudia For Industrial Projects Ltd.
a74c5282f1a50622192e176216aa8fc7,Alfanar
0d21b0e4588efec427738fbfb39a71f4,Folk Maritime
37678fb260ccc8cdd1e202381ae20bfc,Amazon Robotics
efe54638391ad92f0c7bf09389a41e16,Bupa Arabia
fce7c03f47f2a46e2576dca8e34887c8,Saudi Air Navigation Services
00cdde2b6f026ef24831b6c4de7c0847,Mercor
9512bf2b43fb53d6792ec5070fbf5421,Riyadh Air | طيران الرياض
09e3e1267295b09b4997a4d08d2b3425,Xenon Seven
223f3f7138ccd863aca3a191743fd2dc,Jobcenter
b7c22dc76cc302604e7bc642f66932a6,Sulava Mea
6bb4b5e882ecfcc214f0847bea372a51,Atriasolutions
9e543912165436eabf8e83cd6a3b85ca,Duru Compliance
12c169084b9a67167bc1dcea49aae63e,Cornerstone Global Partners (Cgp Group)
1d48d16f8278c2b6646da5bac2898166,Alfapacs It
2ff63084e2f36128315a02a52b67c0f0,Democrance
8b982f97f5a04721a9cc29b3d7072a9c,Emdad By Elm
6f9b6adf4f518c5299cfc49587910641,Abyat
306467de5f65618962a2086abbe1b6ac,Vivadatta
f08d382f40d0091d18ab46385e5e8638,Gold Apple
a6e9ebf8ae4288775e865f5e13a4dcb8,Tmc Middle East
b6919c2875b3b8af8c470af3c929e9f1,Prospect Health
09553c0e4094b8198749b7d202be64ac,Smartchoice International Gcc
3584d72b53eccac905bc604a7800d5f9,Kanz
b3b3a6ac74ecbd56bcdbefa4799fb9df,Amazon
ad0a53742ab06a3f4ad3b854b15a1b3c,Saic
3add7d8ded4e6e488d623fbcae7a9f8b,Hcl Technologies Limited
2df023b29a417cdf44274ab1746ff4d8,Marc Ellis
fa91a378fc798aaa7e1c9db7bc9e7ff7,Mitsubishi Power Saudi Arabia
b1e4321eb59deceabce74f247fc27b80,Team Yamama
d5dab5b2c7ec936dc2b5f446c70d421e,"Webook, Inc."
fd470329bee3bef5c1d8a4eaf11a4078,Mawa
2dd1234ade1443728314db92c211172a,Thoughtworks
a5fc7f7a8bf57b533119bac3b8d83447,Menaconsultant
2e1be53a37a231e32323bbcd9ace743b,Assystems
4aa28f868bf1efe5d4e6eb64e009de7d,Hitachi Energy
a6d7f1e602b5e7aec48c667dcd3984af,Won.Ai
714a3fdd65c94061bcf9789fdfab840f,Riyadh Air
f26cdd5562ce539ecb08827aada8b649,Brf
1350d394cb0e1b10a8ba295031ab3616,Retal Urban Development Company
ce9633ac910f02f2f006f3846106bcc0,Westpac
1a9b114d228ac19b457ca27d05afd05a,Ethosinteractive
e7a32095be1f9eae17dd3f3362b39689,Sia
e591c8487c46d9921a4c326bf7663166,Emerson Electric
2765343842b1919cbbfb39fa42590c67,Engradar
238b5835ff80cccc43a62a00d4a3ec1e,The Redpath Group
7b6e1abda71bbceb75ecda0f33d64e15,Fnrco
9870fbe12f10f98fbd2d689f554573b9,Vrinda Global
457de0b575743dce3398fbe24c3fdd43,Tandem Interim
21fd8cd03386f542634dc2faff52bdb5,Smart Resourcing International
10d46e207e2eb6c21680b3eedc5635b3,Online Jobs Philippines - Work At Home
a1ff228d36497e1930bc147e91583185,Ektis
c16778fdeb7ee6e0df57dd9bbe8e9f72,Join Solutions
cb6f3ebee4dfb1198f5d5ca2a9eaf059,Black Pearl Consult
7cdf29d37104e7d872a76e68f50c50cf,Al Rushaid Group
7a0a79601f7c4f4d3ee064a1135fa746,Yo It Consulting
33d2ae8f337812ddef21142d2e168536,Webook.Com
95a204e5dc8e7fe68d397be6ffcb0b01,Outlier
a037fdd7c89237d1e8378e4474d2bfa1,Leidos
befda4b5d2a48dc71596d33726a85210,Star Services Llc
3d61967a13043c2e5c5aaf34c9bbb91e,Nahdi
16d51e28d271902448f7b6cdc2b56839,Ey
a92f0e0864093bed801f99e35d0f45b1,Mindrift - Data Annotation
2263508ddc6f74a626acd54ed866e199,Trendmicro
c2e70fbae5f95506396162dab6617978,Canonical
285e760d157c12307ebe65137ca7300b,Thales
4807d6b1c40dc06dfbf3a79c0eeef7f3,Artificial Intelligence Global Company
e00329ae9fded7f76d7ec0ed08be7692,Perfect Vision - Ksa
bfe5ca48d5d7916eaa869972cfcfd761,Innovationteam
42fb1751bacfa9e294694a3d4b8f9041,Perfect Vision Website
6450b0b2047a9273a70f0177214da82e,Epam
45e1a7c2b1fa90fc8032fe792a2e5cfb,Zid | زد
79e01c1296be018f71c07736b282fb40,Rp
0f962ed737e19379ca477348317f84d0,Devsinc
60402906c1c736e07d53b43d06aaf88e,Hermes Corporate
245346aca157cfd6c37388fb49aa73d0,Laotop
bbead9625413d4d0448046b5cafa0c70,Work In Usa
d356e96240a5f2c8c35fb2370d03c9e1,Exequt Mena
273979d2f24fe9e8f727d32c338f679e,Agoda
f2f540f574b79c6e8c3a589d6f6fe071,Mindrift
81e5ff5d37d1ddff1aa1764b3b276cbd,Es Consulting
24eb51896a5bcb810468a08f2a3ac48d,Arengy
ec1bdf1d4f7b875aeadb7eb27cf104c7,Confidential Company
d09578e5da592bf59af3a8be2ed010ab,Imploy
4ddf944b3f4c8c935fb5ff580ab4ca98,Deepsource Technologies
afb87b393d9c759e8a218b56d0f895e0,Ninja
3e6912d9edf078375c9e015fb05851d4,Confidential
ea3f6f34e2ce9f0c43da29234181a068,Site سايت
622028a014f4fb975e9cb9e71154869d,Adesso Gcc
ffb6089400726310ce568d63392bafdc,Itb Company
fc1e0a9b37f195c0f3e871854b328a28,Coorbiz
cce382c38ce5b091ae65d1fdb812fd46,Anyworks In
fdc32f054119d6e40089d1810ac35c9c,Minio
164d293acec1f5d89e0b5e2768138b6b,Movandi
3b0eb7469ba9c95f3a05c4cef1f6aac4,Latitude
1c1b9c03e93f7f6983ff774d77b44938,Nabla
9485b19c42afcd2b88e1562d3ffccf07,Umatr
7a70c85f5e9b04ac633566602565b00a,Ejadtech
fca9ad35aaa2eb7bc5ee2d9ca3ee0ce5,Jobtailor
6c10661ad9ef2997db74569270ef1805,"Qualcomm Technologies, Inc"
d75556872c54fb3999381a0a4f0c3049,Dautom
4c100c5b0164e038ee80d948b1b115f8,ريناد المجد
8b2a219acc456e4f0cec1ae42141704e,Ntt Data
91404fce52345db197d2bc77e907b607,Nozomi
93c1d1eb72ada74b1185ea4e007f481e,Keo International Consultants
dcb4af0a2de717ee6115ac791619f5e5,Ab Specialized Contracting Company
372370615a8eb672125b76b5ee9fd7a3,Bae Systems
cc050073a8133825ca32dbd16a3033dd,Arabic Computer Systems
8f8315c0511459dc8e1136e23c761fe5,Noon
41d2821cbfc5c789dac7d18b28ef87bd,Mirai
0adfb55696bdfa1ed7af824f8ced845f,Ideassion Technology Solutions
0d7a4ddec3dc098619a9d8f1ca505275,Tamm
f975b265e8978765045319006164b39b,Basamh Group
709b457d2283f7e40415a5e9e077c415,Mawahebna
3a446414b31eb53c19045b6812e48273,Islamic Development Bank
0fc0483e8620febb2673366a9c282b51,Propel Consult
c5fd90e04d9bae3fbadd593c86972c16,Confidential Careers
1dfdf2074f097da93503f1929844b3a1,Alrashed Group
af334c7b6ef89b42a94f7932a1ee9ffe,Salt
e97927d7a930992b86d28ecfdb735cd6,Almosafer
aa00af249301516516da715b8ff972b3,Fathom.Io
9471bb9df4d743362d8e242982143023,Arthur Lawrence
e3c32ea1ae828ad52d12d26f58da5a04,Sirdab
9ce3d9b7654690289bccbc4f8ff96546,Squadio
e95bc9c8271ba017f3ea4181c33e25f3,Perfectvision
1ec9c3e513337b81f7b22a754af941d3,Applymint
4dae8f94754933c838edd951c286640a,Noon - The Social Learning Platform
4ec0e0a3c72b564208eb238b903a954e,Sifi
5636e7b3c7ec6eb0c9f9eb97b8560657,Hcltech
73f59adb55bf752f67f0725df709cd66,Ankura
4805a8403d72d27123574e49a1987a07,Nhc Innovation
ffacc1d1f3b9b1564c40e6ac4a49cd51,Medtronic
6a7f7d6d87cafdfa94bf5688c5cbd8f3,Comarch
19d5b21ad8d5d6b059924e33ce01a219,Ma'aden Aluminium Company (Mac)
7eb9adbbd86040fdbb34d8c39c1d8e1f,King Fahd University Of Petroleum & Minerals
9f78dfc091462453f6b36881c09859d1,King Abdullah Bin Abdulaziz University Hospital
ee9c83968aec6f61eb61303cd07a7540,Why Hiring
d871e45cb59ef7ca5263be04152d72d1,Aramco Overseas Company Uk Ltd
113e2939232096e6a5e91540e1833189,Neostats
dab08bfcb34e087618c5223ce4b86b30,Kaust
6ce223cc7c3f4ab4bda29565feb5f05d,Saudi Arabian Oil Company
0f2458b8b33fd3ef12ae0f7a47ae3694,Korrogo.
19336ea6bfbe9e30b104427030c44fb7,Amazon Fulfillment Mena L.L.C - P25
10bb9084b86bb0215a2900f26c066823,Qiddiya Investment Company
dd8fa16e8070e649301044bae3c43d04,Saudi Azm عزم السعودية
319fe3e288a0300e7743b0dde3c197e6,Dr Sulaiman Alhabib Medical Centers
038a4b39e7cbd8467c2acfa014cb409e,Halian
a5734424887783d782c4136b7aff71c5,Sap
239883c9de8f5100df8e1205165d2a92,Midana Exploration Company
57040fe2fe7a0a1e9ab043ae1f5d9845,Lenovo
3497b8043a34bac9d6f8b4acd197329e,Al-Ameen Dev. & Trade Co.
da117aa54a7402c0b9311e29541270eb,Alu Systems
e023385ecc024747b0ffe7f3d8d7a0d4,Systems Arabia
d43b9137e05c1cf411cf82dc894a140d,Delta Hotels And Resorts®
0feb54b11116ae3406404306ea4cf03d,Parsons
2db6d4d0189a72aea09edee85c3099ad,Tangent International
387457766f37a832da2ab2068fdeb12b,Nexttec Technology Outsourcing
d8fee6edaf370f5280fef8f56e353031,Ds Deepsource
a90ac5903cf4c168f76e6736397d70b3,Royal Cyber
8b3385b1dfa569576c7a1ea6410669c5,Euro Staffs
bd2256ef29bf8e8044251d834c509043,Itproposal
4a0c0e11bb528d4b832f8f542e7248c8,Alpha Plus
6a0f3e98b02ccc7ddb249f87cca89d33,Velocity Gulf
1807b3f701c063505775810e657a5aa9,Lucidya
7b23699ec8a569873df065df3505a7f9,Excis Compliance Ltd
c783dc10a4db47b1bec5968e17379f99,Recruitme Plus
96877099135b77e58cbdf9573e5093ee,Gcc Olayan
72b3d853d7092410aa4aee6e97e4cbdb,Own Tech
7ac9a609f64c2a787c45035f150e7f97,Busma Advanced
f19bc089bc0786deb395a47fbb62dab9,Danfoss Gmbh
e8b6c9e391cdb32b33f2fdd888f1e0f8,Itworx
20d345dcb78706afe0f871ac862d436f,Saudi Business Machines
4c44f783515677cb01d36a9058259e1d,Codeninja
ac2c63d9bc4dcd86ac486035eba1975c,Nextwo Co.
1fe3fa2ae56c393b59314585d20ec12c,وظائف السعودية (Wadhaef-Sa)
3e1972108ab38f0c4ed52b2a47bd26f1,Rawaj Company For Recruitment
b0527ac3072b527a80814615c240ac1d,Thriveitsystems.Com
ac0361c08b9a41937ce8ff1e65f6aab0,Triwill Group
f3048227c9de9af525ef966779b9bcd1,Blinkestudio
7e0958973a34be88aa36cdc86ba122c3,Migrationit
e131203b0ab5ecaa91d2f496c8a4be31,Peakfleet
13f6a4bf6b2198a589dae92526c4b93a,Xebia
45704b72925cb1c00a756408d9d4005e,Softwareone
d672826661f5800a6f949d9e031e3e08,Innovation Team
7f7ad8249a26ba4a77a627823f8462f2,Leantech.Me
b3232a76041dac90431dba56fd4ab1fe,Alborglaboratories
a25a64d6912da2d3ec6869b6b886f8d9,Sbm
6217f4f50fd50d30d9dea9eb892fc225,Confidential Government
d8e87c0927539672f54462c837be0b7f,Sync
26cb7b9bbd03314082aace9b701d852d,Dxc Technology
808d55d80180349f4801cef9a55853d6,Wipro
acd290fe9c396feff3d97db0a1891790,Saudi Telecom Company
e104a38ce36bab2e02030ba6ce6be966,Silver Rabbit Llc
a347332cf465c2eb37528a795946ffc0,Uzaif
1f652edd4a68fee79550c80f4daf2ee4,Alwatania Information Systems
9dbcfccee097a6c940715219125c3027,Paytech Group
6753bc25a600dd703206c8da63ec72b0,تابي
58786ed581776280fefaae195076a533,Intelmatix
75e80bb4f0a4021a3532335251841c1c,Opentalent
0e2bcb25af2636b5c7c53b540f95e565,Downer
95e6e430e4592b704d254029cb9120e5,Telgani | Rent A Car
c28a2f6beb63458489a4dd6d856627ad,Jobcubby
581efa873817738de0b22803f83b9c12,Hungerstation | هنقرستيشن
0a9f45cecbccaada43f6ca897743904d,1pass
cc9cff0ed750725bad4c26ed9f003ad9,Lucid Motors
2cee203006b4949b3cfd0d1ee65cdcbc,Aspentech
ff0794ef34c643e19ec7883b09154761,Stryker
471f223f39a6f4c349a4da963df90f4a,مصنع الملابس والتجهيزات العسكرية
4c96c9aaa582646555163130e869d834,Think
ccd9fe2e56b54d63deda11bfa8330400,Atwad
04f86fcbc6f2de0b472d1261b882fc86,Extra (United Electronics Co.)
5bc8b1d029a30fd99c04f79ec2c6d099,Avepoint
e6e2e8a16e3755fb8ec4339c08cfb58e,Aecom
0d7fd51250c5b1880f49c9c3b82a03ec,Decima International
1f25b8a9986a2e7a04ee9538c462e578,Fortinet
ae54e7bb97ccafa7c5b225505688aa35,Excis Compliance
63ff6d923f272b1b03b9127692794b35,Cooinda Search
d860ce5d02cdff5e454731b0ecaf3411,Pharmeng Technology
59f9e79c3e7cad9def01c3f65d9b665a,Arsenault
065783ac35ee9560f47d809802f22b7b,Ericsson
516c0abbd74d3361f573ea0ba28b4448,Saeq
95fba57c1c603f68c5fdea73fe18cb96,Marriott International
eafa65861506191c882a58fe0171d386,El Seif Engineering Contracting
53cd42a85136f42d48fc22bfa77bc43c,S3-Ksa
daceac4e0348089318c46f760fbab0f3,Specialized Security Service S3
5c0738f65aa2efcd2bcc60fa1244309f,Halliburton
c711700f3334da14f3daea0868e90272,Vocus
952b7983bbf7765768f8158a8cf7fe4d,Smiths Detection Group
2588ef89b5e2f91411ffe7a96f9eea23,Branch Of Sterling And Wilson Data Center Private
39cd0d4b40a50d750719328aafaaf7f6,Batterjee Medical College
7b0879d844a351230a24535ee9320870,Jodayn
d52d89193f41e7a60514203383142d0e,Barqsystems
bc3eca238232d843c55d4993e41373ac,Cleanlife | كلين لايف
1ac67d8b851a6d074e51c9b22880dd06,Btranz
f0ba1b8eccc5ca0aea35a6158493d2da,Ge Vernova
d0ee5cef15b4e32ef5c817f2cb6eddd8,Wsp In Africa
cbb9354b378f7c71848da97bd622f6df,Alwatania-Information-Systems
125e13c182697c5a282e4de6d7999eb0,Hexagon
d6e6e42ad316fcb481225bdeb036aea1,Tatweer Holding
ec61b2dff45b37242d61636bdcebac33,Jasara Pmc
5a0c410e5131f876d0484be44c6e35e1,Kalsoft
2af434c8c05fc4b4c64e26d815b621f9,Takein
05624e5ec27e92690351b11a17f32309,Twe
7b1d1185b835814de783483f686e9825,Cisco
4b9566e154d172608a045466f258a29a,Dataplus
16cdacd62c6720f36a1b6f97e2a614f8,Manpower Solutions Llc
7457a9489d558cff55c09ef077997fa9,Jing Hau
814cb496ebe0258961311bf432be0989,Nakhla
1eaeaf036c57835be4354d19f23995f4,Plat4mation
1aaa886c1db7978fe2d3454db05d5e5d,Hiredge Solutions
bd90b8ad3e6cc23537631ad2563983e7,Michael Page International (Uae)
266f9b47e0486dcdb50a4c522426890e,Morjan Hr Service Provider (On Behalf Of A Client)
060d376e412b5c28c8e881debfd2ce6e,El-Takamol
f21808b6c395aa5adff683b60ef6fe15,Novra
b001a4c08ad01b840a782eaa65c4502c,Flywire
c845cc15788eb9fb31daf4730946b4b6,Redpath Mining
746f5fc7f35a23036ad89094e956981f,City Of Tea Tree Gully
4ec602d1d988e749ed7daf243273122e,Gaming Laboratories International
de8bebaaa46375d07b084b3209bfe8be,Hala
c6e50afa287a91d486c52bb4f07e2ac9,Informa Group
e9ccc5c17ca544d656680a94b7a97912,Rtx
15472ea4e129492dbb0fbb8dcffa6a8b,Asmo
8afe4051a350748e42084f6576281794,Aci Worldwide
3448483fff442ca4fb0a364db15618e2,Allegiance Benefit Plan Management
1cf594a8bf21bf5acf32dffbf0ef3e46,Cigna Group
4398db58572bcf8df5e5ed2548e0214a,Blockchaincapital.Com
3d6270186a4e4c0c415e49b37b414206,Acuvon
fe09777a20a23b639f2a7d2bea1b8e22,Devoteam Middle East
4171cd044c347186f16a3bfbc39629d2,Sifi - Simplified Financial Solutions Company
cb54f3d3c6d739d1eb45ea7ae851cd6f,Azmtalent
636b795b0fdbe648c14bf4bb17610bd4,Jobitus
f1acf6064217e8cb95899a35a68cf54f,Mm Management Consultant
fbe5761fcbcf77ee923011fc0da53145,Sarj | سرج
d51ec813ee99d715d2dd029ab3b1f54d,?⭐️ Tacostars
ed9be8e96925a9431eeb4e0e3f45b128,Netrolynx Ai
0edd47eb1f3a4cec49f3ac83e1ba93ff,Hams.Ai | همس
d56ae81beeaecfe1a4fbd486d80de8cb,Alstom
d72eef453db718334d4195cf1e859fd3,Code Ltd
cf460fcc80627a55772dc9c37f3bafce,Brainlake Advertising Llc
df49dec043289ced0cb702bffb0500d1,Cae
0b14931e5ca2ec2a9e7b7d4a5963b17c,Movenpick
eef5c447c38260c654f5941ec1ae5538,Not Specified
c00ef8433aa7ddec6e13e5caf73b92a6,Al Jabr Holding | الجبر القابضة
0a90cb80a65de0bfbc293e6b9822cea7,Meena Health
09068dc21098e47bf335d5cde7c0e25e,Notion Minds Systems
6a8d7b563d85e3fa165844a7ef752675,Reef Group | مجموعة ريف
bdb761f70affcd86a4c3e71b467c171e,Sice
be9bb3808645f19c26b99f3f173c9549,Air Products (Middle East) Fze
0d0a54acd6928e4a03f87a8ea2ccb8c6,Delta Hotels And Resorts
b1f5226a8f6aa2575656fb0b5c16574b,Almarai
e934dded815a2adfd198e4939fec3fab,مجموعة أسوار عسير للمقاولات العامة والتجارة والصناعة
f6cfb9360adb241d7d840f2e968272d0,Darb Station
11a9d734ff1d1ea0d0410a8081442de1,Hyper Lychee Labs
21375620496d00149e9c3b487df16ce3,Proficiency Coffee
f0edebb3e25ed5f0e5efb47e9647aeb3,Sdgs @ Isdb Group
3ea724b1b0bdf8ff3748334be6762db1,Elm
539f635b98099e43ba05bfd078ce68a2,Empresa Confidencial
b5685bbdeb615e61deae9e82028e2ef4,Egis
cbda224c776c97608e62d68679bac699,Ninja (Quick-Commerce)
6565dfa42e2b6e60f37b6921c8014bee,Almanea Co.
571d5570219a8a5d69cb5329290b38e3,Sharp Brains
5cae2481171509c9a3be4591be47d4bd,Taj Hr
6611a2fee5aca8a05a63b022170d02e6,Afaq - Warehouse Branch
5df274b9cd7acd7642719b7c03208f3a,Jeddah Central Development Company
2747bab0f51ec84f95cc81aca8614f3f,Energy Tech
59b2b6dee55d9640982b89021d35ba8c,معهد إيثاق العالي للتدريب
cd5597c2fd8eecced26e89d98488988b,Alpaca
84e1931f722e714b137583b7ad455f24,Horizon Dimension Trading Co
7f539120be1dd3a38138a8a66cb036d2,Cognizant
7d180daa594cfcd8df96ab0900e78bcd,Intellisenseio
4a6dbb2ff650f82af801f71c3efd72c3,Salesforce
043316cf9cf39b6ba65e939c8e783197,Airbus Defence And Space
4247d38030e75671aa1ce577fd430b5e,Albawani
2bb1faeb3cc273e2af44b86c1278e481,Sitech
a9e47d2dc9bc6b1d9be8e9e7b295c253,Duruper
df78285c68ae983361b1cb0e3ac3dc91,Mckinsey  Company
1bac3aca5e7d5020323ce3c80cc2e061,Dkhoon Emirates
84e9f16b676e026f3446e810a336a645,Denodo
f0c2c56a0ef76f594202ceb54c58e5c5,Jdcom
5dd7f974793d58d84e016fb32974be47,Cohesity
cd10cce54416ba490e86f1cb4d8c7208,Discovered Mena
49f99b7a121754bd66aec19f580bdcd5,Tam
9bd00462f77bc33f48605e6124ca9d50,Tarmeez Capital
ebbe5daa391963b9cdb74c2620d78bf0,Envnt
e9dc50c823798f74ab629d5656fd70c3,Telus Digital
b0cc92b2c8e6be937e5009cf2ceda945,Rize
c0ba85e2b04d21b7f1186c245d93266b,Vaporvm
6210137d55ce420857d8ed71f0fdfaca,Asiacruit
f544e69f1ea8f2e590fb23e985d9b6ca,Swimlane
b0df7ff2d391ac2069e9db38e81e515b,Sgs  Saudi Ground Services
4c74f73698d46aa24d1110c639cb3618,Webookcom
f750f5efa6f9282e672d966b6857dbb0,Gathern
30facaba729f846852ec2e45bc519612,Missiondev
22ff21a2cabfb3cf4993ace6969733be,Amplifyla
2dccacb26bd19bf713f7d065a306229e,Ibm
bdc68ffad7dff9ab976e4df2d89c2b9f,Assystem
24d54f862ca9730d0ecb476c32d397d4,Envision Employment Solutions
d8ab4677afa03ddb9c6013d58d32da7d,Cyberknight
90dfb6df9e6b8093ce4845ce8fcaf556,Robusta Studio
ed7841fdef38840b1ddf8b371c3da297,Jal International Co Ltd
0c44b23805857a8146f46a9b0da6d650,Delivery Hero
78e5e24ca02cee5b31a2055685510b0b,Brdigitech Wll
cf8117012137b0e8f6b855adab4b13a7,Bechtel Corporation
c9b0cb53646238b8c03fb69b8f331220,Qualcomm
87bb1d4c3a78870c21c3c07b37cf7935,Ma'aden Legal Employer
f41bff3f906653783f36462a31193074,Tandem Search
1b40576f69de8017f8d0a98d7037e952,Jeddah Smart Systems
535025859aed01854a5f9546057c5ad4,Penta Consulting
0b84a8fcb4f8458bfb52b23d8e6ae9c3,Norconsult Telematics
2fa9687d7d80b0ece8cda6bab7a5a178,Parsons Corporation
421c5bc933acf41ebceb1d4bc09dad11,Whetstonez Software Company
31c577edd87a27ed09f0cb82ef6ff90e,Esports Foundation
b7b39076cca256ce91152ce67254bfba,Jobskey Consultancy
b919fb4ac10a1f6b17d9203c1354ced8,Neoleap
bb8c8c5d2bb7e64a0d71b611172d2867,Jobsforhumanity
e167dce39390230ce3df7d9f238308af,Beetleware
e5a7aaadbf8a503302f409664df61ca2,Prince Sultan University
523f00b4098256953a7fe28ca07f2c9d,Oil Support Services
229e763cd1c621cb5c5b21501ba37721,Alliance Recruitment Agency
a655a22791705ae5fc9a55b6634e7a83,شركة العناية الراقية الطبية
691ef6e204fe4c7d44a4b288bc1b873a,The Executives In Sport Group
e1a8a5ae19ad056f286419b143e348c2,Master Works
1f04a1921d90feab8bcffa92daf1f4b9,Mobily
d3b751bbc1543d1c806c4c8ede39ab0d,"Pace Industries, Llc"
30162ed78b6c10f731411f2fc440c24f,Oracle
b1ce6694bf6d7a2a967f07220822da99,Thales Group
67d8b144555782b43affaba6c255fb2b,Ihg Hotels & Resorts
bbc4b0e5f7d46736e8cba55b296fc83c,Tata Communications
5e0521fe5d66d9ebaceb7b248263279e,Otis Worldwide Corporation
d3228d41db57f7ea5cd5ef55736c1079,Red Steel Technologies
4eb6f605b48aae0abcbe487e9fe62c08,Afaqy
555aa9c711a35650cd0e7879c32f9e51,Total-Tech Co
5794eb7684889285cc91b0ef24212a0d,Tecnics Integration Technologies
df81bf1c0a0a83bdf8572756112926e4,Mantiqi
7edc96004b28ae7056677eb76a16a610,Muvi Cinemas
cb8f7ae72c7610ae9c7daccfd68dab07,Reboot Monkey
52a4d4123a4220cea1a4a3e35d35052c,Bae Systems Saudi Arabia
4f61e310d1f7936834f316dfe8e7fb8d,Byd
ceed0ab5751aa61f16e5a0f935a48956,Agare
0c18409cd951646ff225f5d7a55c919b,Johnson Controls Arabia
de9b370a0b1c44a960ea4131b0669890,Michael Page
33da712640dee3315e8e36df1daa6473,Naphora Games Group
6e82e9e0a2b89bcc8b6695bf9de65937,Duncan & Ross
88da587f17356f5743a049810a2163cd,Telnyx
9cce322dc40fae5f82a2f281286a6197,Crayon Data
dd225634e4eb6309217fe3a3b4cac91a,Eyego
ee70fcfa9cc393646b82c759cf06e43e,Referrals Only
5d9adbef7d50b00f0f863d5dd7a28fcd,Total-Tech Co.
dc440e11b7e380ecbb9c066764af2371,Egis Group
7bd0b25c751e0450761e6c81ef9eb71d,Saudi Cement Company
d783281c5e4e5473d65b5903ad8186e4,Accorhotel
568f4acf3114d43470de55276f4c3f79,Muaf
f63f41cef90ef60e3eaf962ea9ea450d,United States Digital Space Llc
c04d39b83e0c3ccdd69472ae76cdfafb,S3 Arabia
126a55f126846041d33f3f8778b01284,Yallo Retail
7fbae4bbb1da3e9c629883020569f0c4,Strattmont
95fc48cd766a6493a6d59a2dc45ada08,Jtccs Careers
5f66f83e01a72e0b1adf0555d8898a39,Emerson
4e2ab1da03b6ebfaeff88d8bcdaea371,Raytheon
f0be81060dc1756c468ef2b6026d56f2,Wsp
54b2f32a6d981feca16462d0a8437461,"Lucid Motors Usa, Inc."
6b6bfded76fbfcfa1152b0c6e18a5a02,Confidential Employer
37d8bd72c4e69744cedd7f11ca2da987,Devoteam
0faeab173fc35417073d49e65490f0a8,Trend Micro
0b300488054e92c28fc2c077e5107eb4,Atheer Ct
b126ab206df4b862f90f3d94ec7aa9e3,Manpower Global
00ab1ab29cd66ecea572f745f93009bd,Sifi S.P.A
8628dc51ce2b951aecb9abe1aac936be,The Bridge Recruitment
13a2b6ef26959aee44ff0b0685ad5ee6,Halachat
3c8ce69a9459cac3d3b6be577e747632,Finops Weekly
4f3acdc8d7d2e7d214d02373a5ea6d87,"Creditninja - Kmd Partners, Llc"
3553d71b4e23a040724f8fb7fab0a2ec,Expertshub.Ai
015aed37da678db7864e54f6791404de,Napco National
c3939e8e5e9ff31b4512f91be96c0e60,Deepsource
c79192fa9a0977ab53195253cd55fba6,Waad Education
dd6c697dc688099de1fc5f8ce3450c3c,Tabby | تابي
011cff44120d1f50d746768098b74a33,Laith It Solutions
49b2afdba6711f257ee86d62ffbff16b,Nqoodlet
05bd78e31ddec97be540e09fd07ba550,Specialized Security Services
ab66bb0c0e80fcbadaec32642c3e1e6f,Tradesapp.Teamtailor.Com
0b3390770ed1d26ac6ba987bf8994d80,Urban Ridge Supplies
73d7ae5678ddaed8d0bfc1ae8c56e188,Amentum
fc4f825f633301de7d00f3636b1c0875,Ecovis Saudi Arabia (Ecovis Al Sabti)
a7ee8b1ca47b2aec33bee33a2a455b1a,Albaap  عالباب لإدارة المرافق
535446ab9fcf0e99b2e650fb3c7db6ed,Al Qadisiyah
02f41af418cc783209a0f3b6120c9bcc,Pacific Ocean For Contracting Co.
a174946b07e6af51ab27a7dcf3af3fa7,Libera Consultants
998db284485ec6c227f8dc34086128e1,Toto
2386f97b9f1025834f32fabca68f73ad,Ifg Holding
2c7fde98dcab71b2511488d3095c0251,Shangri-La Hotel
aa1986af1ed7059e6e90d871ca8d2076,Holool Aloula (Ncbs National Company For Business Solutions)
3ae3fcff1737eb53d3cc340d5c3d3130,Catchers Agency
5a8ae81650093af454633586f876a3ae,Red Sea Global Hospitality
6882bbe6149bde9f1760d53067e904b7,Emaar Executive
830a22b28e6a104b223d625a821379b0,Integrated Solutions Tawantech
16e64897f9f0a094e8523a87beede11a,Ultimate Peaks Talent & Strategy
83cbbc9d9edfcf529d649a3de2641481,Ma’aden
0e8f1a47c8787413fb9c675c47fd3720,Marriott Hotels & Resorts
36ab7fe249ae5d8f59e75d7e68f2cfd3,Ajlan Sons
0ac34737b6457c8213fc9813b0f09fd0,Maaden
aa4d9e64828b4ace6ab82d06332b68ae,Takamol Holding
e9639e324fe83690b1c3583cf24fc55f,Axelerated Solutions
c9501e55971e87393e6b6cb37a5cdfc9,Nybl
564d74cdef4d8366810e0adf4efdc355,Amazon Web Services Aws
45fb553166fd26d9efe9423c75ce4d78,Plain Concepts
f4b9624088afe09b7b7b6fdcc6fa613b,Schneider Electric
f033237bac690685dec4ac2e1cbc33bc,Mllers Solut
734491f146da49a78762aed4ae772f1f,Netapp
be0d90f1b1a783cb97a1bc8ef1a8b7c7,Firstsource
7ed3071866d686a42f5204726d663bf6,Aramco Digital
1240983d2acce86556fee95e028b2657,Astek Middle East
9eb912020bb36f9b096c5d3cbc460605,Hungerstation
ffa67c9a12be1b40b84b0d25135122c9,Specialized Enterprise Systems Ses
13bb4a6160cba0658712a09680e284ab,Atheer Connectivity
193c5998537a2b210cc1f85a2049c1c0,Atkinsr
e65433e1106251ad2e3e96cd2ab020a4,Codeninja Inc
f160c2ba526af5f448d5dd5f74716c33,Lucid Motors Middle East
05f3d7da298d805196cec2b4bc4c12fd,Pasqal
1ded2ab05ce8e9b87373541e465304b3,Abana Enterprises Group Co
f0fde4dd3de6fee7c6ecdd5207b0e4ed,Armada
85433590b9e1ced56063b8419d6bb475,Webengage
82fdd68ad0dd305926baa79e8ffa5c25,Asas Makeen
c0d5865783d5fee6cc9d7dadfc22419d,Hopper
a89026a9a648838a2288a8215c600980,Elia Grid International Egi
4fe946f4332c9f7dcae2ba3bc7101cae,Technohandz
0daa0e2251c47a19866a879d0c2feadd,Fathomio
615560aab8ec9c24f5f88f839970e1a2,Qiddiya
104945387221e3875362d8abb621da7d,Pure Storage
d9b141725f3b8f5de2cdac852e6181b1,Blomal
f0a728da427207f05c1c4ab8dc1baea3,Assystem Radicon
43bda8ed5e203da83c859925585e9061,Segula Technologies
22a7ee78ce53199b0f197e8bcd6fc45f,Yokogawa
5c31e8bdfc65ed37cc8755dcc8990732,Asb Bank
258f9a71bf465df78002d51ebcad183c,H M Al Rugaib  Sons Trading Co
051f589dca62fa34e3cd2a7df79b7e57,Sa Marketing Agency
8e4acaa507885048adba4db91d688ca8,King Abdullah University Of Science And Technology
21ce290a5181df1f6d91ccbf0727cae9,Tata Consultancy Services
ffe5b9149e0addfef594a2fce2ea57b6,Tabby
504d5a0c0a7ef0b043e5c005caf07734,Hudson It And Manpower
752a0bb257077883a92ce31f25ffd061,Malaa
bc9cf0eed6920b1a401b8480d5bed111,Navitas
9b26b87f877b279f5205beca106a978f,Burson
7b15738f7aad78b88324976d18a177ac,Qureos
776828efa2737f017d05c533df1f8041,Canva
303e543d76b716ac360f264abb82e67d,Bouygues Travaux Publics
2a25387d2257c25d9650b8c49edc8309,Abdulrauf1-1741255834.Teamtailor.Com
0e49d2a1f1364462cb6ab1530dd7a504,Aofgroup
a02916e032224e1af05e4aece2d4bd34,البستان | Albustan
c39d48bbed953bf71c03e3a668eacbf3,Talent Blueprint Fz Llc
973e9521a73d60b3618e8e9d98fda638,Golden Elite Catering Services
2fe47ec3b1e9d9b82bf304bcb7c3f8de,Careerxperts
c619c8f3f3a67aa97c0f7a5f3f58cb75,Wsp Middle East
8752c7b04c5245c5858081fe50132d1b,Yallo Group
c3d0c1907aee87e76bfded7aa6255ab6,Mcg Talent
4a774bbf32e45c2f14fad30f0d7e5fdf,Mirai A Scopely Company
cdf1c227ab6a19518673a33a17aeb4ac,Cyberhaven
cc1792ec657aa21f33554a2024aaff50,Hp
cc4f5ea1bb385f3fb4424a3ec90a589c,Replil Industrial Patch Manager
edf1439075a83a447fb8b630ddc9c8de,Snowflake
81584e792b33afdb62bde614243d922f,Buro Happold
411b8cb2fdfe5af32fe5b4ee53c1133c,Engie Solutions Middle East
aa56a2e65d8106aef3c61e4f6bf94fdb,Elements
4f9c350d108918fa18306c06ac5c957b,Savills Middle East
9279f38c7e57e401ede984746462aab9,Protiviti Middle East Member Firm
343e6957be77c6247aa2b8d0deb68bd6,Nov
7718e012304223b82e2d7d6405a7da26,Panda Retail Company  Savola
1daee1b7810474d7702da378e9d74ac6,Cntxt
27fd2ef9bb4ac70eec92490974f3540a,Nhc
c80ca209ce3d57110451a8d1a912ab76,Joveo Ai
b1acaef5b07f33f7860da329b7d82bf6,2p Perfect Presentation
1725ad896ab21f77c51e35c239e251b8,Halian  Managed Services Recruitment Agency  Contract Staffing
