LOCATION_KEY,CITY,COUNTRY,LOCATION
1c9c73d943b626d282f1cfce6686fbbf,Not Specified,Saudi Arabia,Saudi Arabia
f713c14731e8318994a7731b6fe5f413,Dhahran,Saudi Arabia,"Dhahran, Saudi Arabia"
f0c21a35f5fd8a30ed8aa2627b766ada,Riyadh,Saudi Arabia,"Riyadh, Saudi Arabia"
b7e52b5b43f3e984c56b64b466aa6636,Al Jubail,Saudi Arabia,"Al Jubail, Saudi Arabia"
826161723f8719527bfa31fe132a5cad,Mecca,Saudi Arabia,"Mecca, Saudi Arabia"
354d7fd84f7b8b771fce9e5e1d9d2621,Dammam,Saudi Arabia,"Dammam, Saudi Arabia"
e3d84c82507d974ff8564a5dae31e755,Al Khobar,Saudi Arabia,"Al Khobar, Saudi Arabia"
b9f1925f0f1882abf3346436ebd535f7,Najran,Saudi Arabia,"Najran, Saudi Arabia"
6d90b93e2e06bed76b003b975aaa26de,Jeddah,Saudi Arabia,"Jeddah, Saudi Arabia"
3329b86c95d9218baf35d00c730213fe,Tabuk,Saudi Arabia,"Tabuk, Saudi Arabia"
391aec1a75d5d8808d5e1f9999ef681b,Medina,Saudi Arabia,"Medina, Saudi Arabia"
28986fcd4da2596b8e6fb72b66a4e8ee,Hail,Saudi Arabia,"Hail, Saudi Arabia"
4d78c967e7974c46aff38b8de7103047,Yanbu,Saudi Arabia,"Yanbu, Saudi Arabia"
6db44a193ea9e0d3b4a02c30b01e8288,Taif,Saudi Arabia,"Taif, Saudi Arabia"
eaf2a63c0b603ba5388368c7cce02cc3,Abha,Saudi Arabia,"Abha, Saudi Arabia"
